# ffprobe oracle for fixtures/mp4/frag/mpegh_stereo.frag.mp4 (MPEG-H 3D Audio, mha1)
# columns: codec_type,stream_index,pts,dts,duration,size,keyframe(K=1)
audio,0,0,0,1024,373,1
audio,0,1024,1024,1024,146,0
audio,0,2048,2048,1024,147,0
audio,0,3072,3072,1024,144,0
audio,0,4096,4096,1024,139,0
audio,0,5120,5120,1024,136,0
audio,0,6144,6144,1024,133,0
audio,0,7168,7168,1024,133,0
audio,0,8192,8192,1024,131,0
audio,0,9216,9216,1024,128,0
audio,0,10240,10240,1024,129,0
audio,0,11264,11264,1024,127,0
audio,0,12288,12288,1024,127,0
audio,0,13312,13312,1024,132,0
audio,0,14336,14336,1024,131,0
audio,0,15360,15360,1024,124,0
audio,0,16384,16384,1024,124,0
audio,0,17408,17408,1024,128,0
audio,0,18432,18432,1024,123,0
audio,0,19456,19456,1024,125,0
audio,0,20480,20480,1024,127,0
audio,0,21504,21504,1024,128,0
audio,0,22528,22528,1024,128,0
audio,0,23552,23552,1024,125,0
audio,0,24576,24576,1024,126,0
audio,0,25600,25600,1024,124,0
audio,0,26624,26624,1024,125,0
audio,0,27648,27648,1024,130,0
audio,0,28672,28672,1024,126,0
audio,0,29696,29696,1024,127,0
audio,0,30720,30720,1024,125,0
audio,0,31744,31744,1024,125,0
audio,0,32768,32768,1024,129,0
audio,0,33792,33792,1024,127,0
audio,0,34816,34816,1024,124,0
audio,0,35840,35840,1024,126,0
audio,0,36864,36864,1024,123,0
audio,0,37888,37888,1024,134,0
audio,0,38912,38912,1024,127,0
audio,0,39936,39936,1024,133,0
audio,0,40960,40960,1024,127,0
audio,0,41984,41984,1024,131,0
audio,0,43008,43008,1024,127,0
audio,0,44032,44032,1024,120,0
audio,0,45056,45056,1024,131,0
audio,0,46080,46080,1024,126,0
audio,0,47104,47104,1024,127,0
audio,0,48128,48128,1024,132,0
audio,0,49152,49152,1024,128,0
audio,0,50176,50176,1024,133,0
audio,0,51200,51200,1024,192,0
audio,0,52224,52224,1024,126,0
audio,0,53248,53248,1024,129,0
audio,0,54272,54272,1024,126,0
audio,0,55296,55296,1024,120,0
audio,0,56320,56320,1024,119,0
audio,0,57344,57344,1024,123,0
audio,0,58368,58368,1024,122,0
audio,0,59392,59392,1024,126,0
audio,0,60416,60416,1024,126,0
audio,0,61440,61440,1024,121,0
audio,0,62464,62464,1024,129,0
audio,0,63488,63488,1024,124,0
audio,0,64512,64512,1024,127,0
audio,0,65536,65536,1024,131,0
audio,0,66560,66560,1024,132,0
audio,0,67584,67584,1024,127,0
audio,0,68608,68608,1024,129,0
audio,0,69632,69632,1024,128,0
audio,0,70656,70656,1024,125,0
audio,0,71680,71680,1024,128,0
audio,0,72704,72704,1024,129,0
audio,0,73728,73728,1024,137,0
audio,0,74752,74752,1024,133,0
audio,0,75776,75776,1024,132,0
audio,0,76800,76800,1024,132,0
audio,0,77824,77824,1024,122,0
audio,0,78848,78848,1024,116,0
audio,0,79872,79872,1024,124,0
audio,0,80896,80896,1024,120,0
audio,0,81920,81920,1024,120,0
audio,0,82944,82944,1024,121,0
audio,0,83968,83968,1024,118,0
audio,0,84992,84992,1024,128,0
audio,0,86016,86016,1024,130,0
audio,0,87040,87040,1024,131,0
audio,0,88064,88064,1024,124,0
audio,0,89088,89088,1024,130,0
audio,0,90112,90112,1024,124,0
audio,0,91136,91136,1024,125,0
audio,0,92160,92160,1024,125,0
audio,0,93184,93184,1024,128,0
audio,0,94208,94208,1024,131,0
audio,0,95232,95232,1024,126,0
audio,0,96256,96256,1024,134,0
audio,0,97280,97280,1024,129,0
audio,0,98304,98304,1024,132,0
audio,0,99328,99328,1024,130,0
audio,0,100352,100352,1024,122,0
audio,0,101376,101376,1024,124,0
audio,0,102400,102400,1024,124,0
audio,0,103424,103424,1024,132,0
audio,0,104448,104448,1024,132,0
audio,0,105472,105472,1024,130,0
audio,0,106496,106496,1024,139,0
audio,0,107520,107520,1024,122,0
audio,0,108544,108544,1024,124,0
audio,0,109568,109568,1024,126,0
audio,0,110592,110592,1024,124,0
audio,0,111616,111616,1024,125,0
audio,0,112640,112640,1024,137,0
audio,0,113664,113664,1024,128,0
audio,0,114688,114688,1024,125,0
audio,0,115712,115712,1024,121,0
audio,0,116736,116736,1024,123,0
audio,0,117760,117760,1024,134,0
audio,0,118784,118784,1024,127,0
audio,0,119808,119808,1024,128,0
audio,0,120832,120832,1024,125,0
audio,0,121856,121856,1024,128,0
audio,0,122880,122880,1024,134,0
audio,0,123904,123904,1024,135,0
audio,0,124928,124928,1024,128,0
audio,0,125952,125952,1024,130,0
audio,0,126976,126976,1024,132,0
audio,0,128000,128000,1024,126,0
audio,0,129024,129024,1024,129,0
audio,0,130048,130048,1024,126,0
audio,0,131072,131072,1024,134,0
audio,0,132096,132096,1024,124,0
audio,0,133120,133120,1024,121,0
audio,0,134144,134144,1024,117,0
audio,0,135168,135168,1024,137,0
audio,0,136192,136192,1024,127,0
audio,0,137216,137216,1024,134,0
audio,0,138240,138240,1024,131,0
audio,0,139264,139264,1024,139,0
audio,0,140288,140288,1024,128,0
audio,0,141312,141312,1024,132,0
audio,0,142336,142336,1024,132,0
audio,0,143360,143360,1024,119,0
audio,0,144384,144384,1024,124,0
audio,0,145408,145408,1024,128,0
audio,0,146432,146432,1024,134,0
audio,0,147456,147456,1024,112,0
audio,0,148480,148480,1024,133,0
audio,0,149504,149504,1024,123,0
audio,0,150528,150528,1024,134,0
audio,0,151552,151552,1024,126,0
audio,0,152576,152576,1024,131,0
audio,0,153600,153600,1024,121,0
audio,0,154624,154624,1024,120,0
audio,0,155648,155648,1024,112,0
audio,0,156672,156672,1024,123,0
audio,0,157696,157696,1024,119,0
audio,0,158720,158720,1024,130,0
audio,0,159744,159744,1024,139,0
audio,0,160768,160768,1024,124,0
audio,0,161792,161792,1024,121,0
audio,0,162816,162816,1024,127,0
audio,0,163840,163840,1024,123,0
audio,0,164864,164864,1024,131,0
audio,0,165888,165888,1024,129,0
audio,0,166912,166912,1024,151,0
audio,0,167936,167936,1024,137,0
audio,0,168960,168960,1024,151,0
audio,0,169984,169984,1024,142,0
audio,0,171008,171008,1024,125,0
audio,0,172032,172032,1024,126,0
audio,0,173056,173056,1024,128,0
audio,0,174080,174080,1024,133,0
audio,0,175104,175104,1024,132,0
audio,0,176128,176128,1024,130,0
audio,0,177152,177152,1024,137,0
audio,0,178176,178176,1024,133,0
audio,0,179200,179200,1024,120,0
audio,0,180224,180224,1024,138,0
audio,0,181248,181248,1024,125,0
audio,0,182272,182272,1024,115,0
audio,0,183296,183296,1024,133,0
audio,0,184320,184320,1024,122,0
audio,0,185344,185344,1024,122,0
audio,0,186368,186368,1024,127,0
audio,0,187392,187392,1024,125,0
audio,0,188416,188416,1024,132,0
audio,0,189440,189440,1024,129,0
audio,0,190464,190464,1024,131,0
audio,0,191488,191488,1024,125,0
audio,0,192512,192512,1024,121,0
audio,0,193536,193536,1024,127,0
audio,0,194560,194560,1024,120,0
audio,0,195584,195584,1024,131,0
audio,0,196608,196608,1024,124,0
audio,0,197632,197632,1024,130,0
audio,0,198656,198656,1024,133,0
audio,0,199680,199680,1024,135,0
audio,0,200704,200704,1024,123,0
audio,0,201728,201728,1024,136,0
audio,0,202752,202752,1024,131,0
audio,0,203776,203776,1024,121,0
audio,0,204800,204800,1024,130,0
audio,0,205824,205824,1024,120,0
audio,0,206848,206848,1024,126,0
audio,0,207872,207872,1024,121,0
audio,0,208896,208896,1024,124,0
audio,0,209920,209920,1024,130,0
audio,0,210944,210944,1024,133,0
audio,0,211968,211968,1024,132,0
audio,0,212992,212992,1024,123,0
audio,0,214016,214016,1024,130,0
audio,0,215040,215040,1024,127,0
audio,0,216064,216064,1024,129,0
audio,0,217088,217088,1024,132,0
audio,0,218112,218112,1024,129,0
audio,0,219136,219136,1024,121,0
audio,0,220160,220160,1024,118,0
audio,0,221184,221184,1024,130,0
audio,0,222208,222208,1024,135,0
audio,0,223232,223232,1024,133,0
audio,0,224256,224256,1024,124,0
audio,0,225280,225280,1024,126,0
audio,0,226304,226304,1024,114,0
audio,0,227328,227328,1024,108,0
audio,0,228352,228352,1024,119,0
audio,0,229376,229376,1024,113,0
audio,0,230400,230400,1024,107,0
audio,0,231424,231424,1024,116,0
audio,0,232448,232448,1024,158,0
audio,0,233472,233472,1024,361,1
audio,0,234496,234496,1024,126,0
audio,0,235520,235520,1024,124,0
audio,0,236544,236544,1024,116,0
audio,0,237568,237568,1024,122,0
audio,0,238592,238592,1024,116,0
audio,0,239616,239616,1024,123,0
audio,0,240640,240640,1024,120,0
audio,0,241664,241664,1024,121,0
audio,0,242688,242688,1024,126,0
audio,0,243712,243712,1024,121,0
audio,0,244736,244736,1024,125,0
audio,0,245760,245760,1024,122,0
audio,0,246784,246784,1024,125,0
audio,0,247808,247808,1024,126,0
audio,0,248832,248832,1024,115,0
audio,0,249856,249856,1024,126,0
audio,0,250880,250880,1024,119,0
audio,0,251904,251904,1024,121,0
audio,0,252928,252928,1024,129,0
audio,0,253952,253952,1024,125,0
audio,0,254976,254976,1024,119,0
audio,0,256000,256000,1024,131,0
audio,0,257024,257024,1024,132,0
audio,0,258048,258048,1024,123,0
audio,0,259072,259072,1024,122,0
audio,0,260096,260096,1024,124,0
audio,0,261120,261120,1024,124,0
audio,0,262144,262144,1024,130,0
audio,0,263168,263168,1024,132,0
audio,0,264192,264192,1024,123,0
audio,0,265216,265216,1024,121,0
audio,0,266240,266240,1024,135,0
audio,0,267264,267264,1024,128,0
audio,0,268288,268288,1024,126,0
audio,0,269312,269312,1024,131,0
audio,0,270336,270336,1024,123,0
audio,0,271360,271360,1024,117,0
audio,0,272384,272384,1024,125,0
audio,0,273408,273408,1024,129,0
audio,0,274432,274432,1024,132,0
audio,0,275456,275456,1024,130,0
audio,0,276480,276480,1024,127,0
audio,0,277504,277504,1024,135,0
audio,0,278528,278528,1024,130,0
audio,0,279552,279552,1024,132,0
audio,0,280576,280576,1024,125,0
audio,0,281600,281600,1024,128,0
audio,0,282624,282624,1024,126,0
audio,0,283648,283648,1024,132,0
audio,0,284672,284672,1024,128,0
audio,0,285696,285696,1024,127,0
audio,0,286720,286720,1024,125,0
audio,0,287744,287744,1024,124,0
audio,0,288768,288768,1024,119,0
audio,0,289792,289792,1024,133,0
audio,0,290816,290816,1024,126,0
audio,0,291840,291840,1024,127,0
audio,0,292864,292864,1024,123,0
audio,0,293888,293888,1024,123,0
audio,0,294912,294912,1024,127,0
audio,0,295936,295936,1024,130,0
audio,0,296960,296960,1024,126,0
audio,0,297984,297984,1024,126,0
audio,0,299008,299008,1024,120,0
audio,0,300032,300032,1024,127,0
audio,0,301056,301056,1024,124,0
audio,0,302080,302080,1024,127,0
audio,0,303104,303104,1024,129,0
audio,0,304128,304128,1024,129,0
audio,0,305152,305152,1024,120,0
audio,0,306176,306176,1024,123,0
audio,0,307200,307200,1024,126,0
audio,0,308224,308224,1024,133,0
audio,0,309248,309248,1024,124,0
audio,0,310272,310272,1024,134,0
audio,0,311296,311296,1024,130,0
audio,0,312320,312320,1024,131,0
audio,0,313344,313344,1024,128,0
audio,0,314368,314368,1024,126,0
audio,0,315392,315392,1024,121,0
audio,0,316416,316416,1024,123,0
audio,0,317440,317440,1024,127,0
audio,0,318464,318464,1024,131,0
audio,0,319488,319488,1024,130,0
audio,0,320512,320512,1024,128,0
audio,0,321536,321536,1024,126,0
audio,0,322560,322560,1024,130,0
audio,0,323584,323584,1024,128,0
audio,0,324608,324608,1024,129,0
audio,0,325632,325632,1024,134,0
audio,0,326656,326656,1024,125,0
audio,0,327680,327680,1024,123,0
audio,0,328704,328704,1024,127,0
audio,0,329728,329728,1024,122,0
audio,0,330752,330752,1024,132,0
audio,0,331776,331776,1024,132,0
audio,0,332800,332800,1024,128,0
audio,0,333824,333824,1024,125,0
audio,0,334848,334848,1024,130,0
audio,0,335872,335872,1024,123,0
audio,0,336896,336896,1024,129,0
audio,0,337920,337920,1024,131,0
audio,0,338944,338944,1024,134,0
audio,0,339968,339968,1024,122,0
audio,0,340992,340992,1024,121,0
audio,0,342016,342016,1024,130,0
audio,0,343040,343040,1024,131,0
audio,0,344064,344064,1024,123,0
audio,0,345088,345088,1024,135,0
audio,0,346112,346112,1024,128,0
audio,0,347136,347136,1024,123,0
audio,0,348160,348160,1024,128,0
audio,0,349184,349184,1024,122,0
audio,0,350208,350208,1024,134,0
audio,0,351232,351232,1024,124,0
audio,0,352256,352256,1024,127,0
audio,0,353280,353280,1024,122,0
audio,0,354304,354304,1024,125,0
audio,0,355328,355328,1024,122,0
audio,0,356352,356352,1024,135,0
audio,0,357376,357376,1024,124,0
audio,0,358400,358400,1024,137,0
audio,0,359424,359424,1024,133,0
audio,0,360448,360448,1024,136,0
audio,0,361472,361472,1024,124,0
audio,0,362496,362496,1024,126,0
audio,0,363520,363520,1024,115,0
audio,0,364544,364544,1024,137,0
audio,0,365568,365568,1024,135,0
audio,0,366592,366592,1024,130,0
audio,0,367616,367616,1024,126,0
audio,0,368640,368640,1024,127,0
audio,0,369664,369664,1024,126,0
audio,0,370688,370688,1024,118,0
audio,0,371712,371712,1024,125,0
audio,0,372736,372736,1024,126,0
audio,0,373760,373760,1024,127,0
audio,0,374784,374784,1024,132,0
audio,0,375808,375808,1024,125,0
audio,0,376832,376832,1024,121,0
audio,0,377856,377856,1024,128,0
audio,0,378880,378880,1024,123,0
audio,0,379904,379904,1024,125,0
audio,0,380928,380928,1024,121,0
audio,0,381952,381952,1024,123,0
audio,0,382976,382976,1024,126,0
audio,0,384000,384000,1024,123,0
audio,0,385024,385024,1024,123,0
audio,0,386048,386048,1024,123,0
audio,0,387072,387072,1024,128,0
audio,0,388096,388096,1024,123,0
audio,0,389120,389120,1024,130,0
audio,0,390144,390144,1024,129,0
audio,0,391168,391168,1024,129,0
audio,0,392192,392192,1024,127,0
audio,0,393216,393216,1024,127,0
audio,0,394240,394240,1024,133,0
audio,0,395264,395264,1024,130,0
audio,0,396288,396288,1024,133,0
audio,0,397312,397312,1024,132,0
audio,0,398336,398336,1024,127,0
audio,0,399360,399360,1024,124,0
audio,0,400384,400384,1024,120,0
audio,0,401408,401408,1024,129,0
audio,0,402432,402432,1024,124,0
audio,0,403456,403456,1024,126,0
audio,0,404480,404480,1024,126,0
audio,0,405504,405504,1024,125,0
audio,0,406528,406528,1024,137,0
audio,0,407552,407552,1024,124,0
audio,0,408576,408576,1024,132,0
audio,0,409600,409600,1024,127,0
audio,0,410624,410624,1024,129,0
audio,0,411648,411648,1024,127,0
audio,0,412672,412672,1024,131,0
audio,0,413696,413696,1024,124,0
audio,0,414720,414720,1024,132,0
audio,0,415744,415744,1024,128,0
audio,0,416768,416768,1024,132,0
audio,0,417792,417792,1024,129,0
audio,0,418816,418816,1024,135,0
audio,0,419840,419840,1024,135,0
audio,0,420864,420864,1024,138,0
audio,0,421888,421888,1024,129,0
audio,0,422912,422912,1024,123,0
audio,0,423936,423936,1024,128,0
audio,0,424960,424960,1024,126,0
audio,0,425984,425984,1024,138,0
audio,0,427008,427008,1024,135,0
audio,0,428032,428032,1024,125,0
audio,0,429056,429056,1024,123,0
audio,0,430080,430080,1024,128,0
audio,0,431104,431104,1024,146,0
audio,0,432128,432128,1024,128,0
audio,0,433152,433152,1024,130,0
audio,0,434176,434176,1024,130,0
audio,0,435200,435200,1024,131,0
audio,0,436224,436224,1024,122,0
audio,0,437248,437248,1024,129,0
audio,0,438272,438272,1024,126,0
audio,0,439296,439296,1024,127,0
audio,0,440320,440320,1024,140,0
audio,0,441344,441344,1024,142,0
audio,0,442368,442368,1024,132,0
audio,0,443392,443392,1024,129,0
audio,0,444416,444416,1024,125,0
audio,0,445440,445440,1024,129,0
audio,0,446464,446464,1024,138,0
audio,0,447488,447488,1024,124,0
audio,0,448512,448512,1024,130,0
audio,0,449536,449536,1024,127,0
audio,0,450560,450560,1024,132,0
audio,0,451584,451584,1024,124,0
audio,0,452608,452608,1024,131,0
audio,0,453632,453632,1024,126,0
audio,0,454656,454656,1024,134,0
audio,0,455680,455680,1024,126,0
audio,0,456704,456704,1024,163,0
audio,0,457728,457728,1024,164,0
audio,0,458752,458752,1024,146,0
audio,0,459776,459776,1024,128,0
audio,0,460800,460800,1024,127,0
audio,0,461824,461824,1024,130,0
audio,0,462848,462848,1024,123,0
audio,0,463872,463872,1024,117,0
audio,0,464896,464896,1024,114,0
audio,0,465920,465920,1024,150,0
audio,0,466944,466944,1024,362,1
audio,0,467968,467968,1024,124,0
audio,0,468992,468992,1024,117,0
audio,0,470016,470016,1024,109,0
audio,0,471040,471040,1024,111,0
audio,0,472064,472064,1024,111,0
audio,0,473088,473088,1024,130,0
audio,0,474112,474112,1024,120,0
audio,0,475136,475136,1024,114,0
audio,0,476160,476160,1024,122,0
audio,0,477184,477184,1024,114,0
audio,0,478208,478208,1024,118,0
audio,0,479232,479232,1024,123,0
audio,0,480256,480256,1024,118,0
audio,0,481280,481280,1024,119,0
audio,0,482304,482304,1024,122,0
audio,0,483328,483328,1024,116,0
audio,0,484352,484352,1024,116,0
audio,0,485376,485376,1024,116,0
audio,0,486400,486400,1024,125,0
audio,0,487424,487424,1024,117,0
audio,0,488448,488448,1024,120,0
audio,0,489472,489472,1024,121,0
audio,0,490496,490496,1024,123,0
audio,0,491520,491520,1024,121,0
audio,0,492544,492544,1024,130,0
audio,0,493568,493568,1024,117,0
audio,0,494592,494592,1024,121,0
audio,0,495616,495616,1024,120,0
audio,0,496640,496640,1024,121,0
audio,0,497664,497664,1024,121,0
audio,0,498688,498688,1024,124,0
audio,0,499712,499712,1024,126,0
audio,0,500736,500736,1024,119,0
audio,0,501760,501760,1024,122,0
audio,0,502784,502784,1024,127,0
audio,0,503808,503808,1024,121,0
audio,0,504832,504832,1024,120,0
audio,0,505856,505856,1024,122,0
audio,0,506880,506880,1024,134,0
audio,0,507904,507904,1024,138,0
audio,0,508928,508928,1024,133,0
audio,0,509952,509952,1024,126,0
audio,0,510976,510976,1024,124,0
audio,0,512000,512000,1024,119,0
audio,0,513024,513024,1024,125,0
audio,0,514048,514048,1024,123,0
audio,0,515072,515072,1024,126,0
audio,0,516096,516096,1024,128,0
audio,0,517120,517120,1024,129,0
audio,0,518144,518144,1024,131,0
audio,0,519168,519168,1024,119,0
audio,0,520192,520192,1024,127,0
audio,0,521216,521216,1024,127,0
audio,0,522240,522240,1024,120,0
audio,0,523264,523264,1024,125,0
audio,0,524288,524288,1024,125,0
audio,0,525312,525312,1024,122,0
audio,0,526336,526336,1024,131,0
audio,0,527360,527360,1024,127,0
audio,0,528384,528384,1024,126,0
audio,0,529408,529408,1024,127,0
audio,0,530432,530432,1024,126,0
audio,0,531456,531456,1024,126,0
audio,0,532480,532480,1024,128,0
audio,0,533504,533504,1024,126,0
audio,0,534528,534528,1024,128,0
audio,0,535552,535552,1024,134,0
audio,0,536576,536576,1024,119,0
audio,0,537600,537600,1024,128,0
audio,0,538624,538624,1024,130,0
audio,0,539648,539648,1024,131,0
audio,0,540672,540672,1024,131,0
audio,0,541696,541696,1024,125,0
audio,0,542720,542720,1024,132,0
audio,0,543744,543744,1024,129,0
audio,0,544768,544768,1024,134,0
audio,0,545792,545792,1024,126,0
audio,0,546816,546816,1024,123,0
audio,0,547840,547840,1024,131,0
audio,0,548864,548864,1024,140,0
audio,0,549888,549888,1024,128,0
audio,0,550912,550912,1024,128,0
audio,0,551936,551936,1024,124,0
audio,0,552960,552960,1024,121,0
audio,0,553984,553984,1024,130,0
audio,0,555008,555008,1024,136,0
audio,0,556032,556032,1024,133,0
audio,0,557056,557056,1024,131,0
audio,0,558080,558080,1024,131,0
audio,0,559104,559104,1024,130,0
audio,0,560128,560128,1024,118,0
audio,0,561152,561152,1024,129,0
audio,0,562176,562176,1024,123,0
audio,0,563200,563200,1024,130,0
audio,0,564224,564224,1024,130,0
audio,0,565248,565248,1024,131,0
audio,0,566272,566272,1024,121,0
audio,0,567296,567296,1024,122,0
audio,0,568320,568320,1024,124,0
audio,0,569344,569344,1024,126,0
audio,0,570368,570368,1024,141,0
audio,0,571392,571392,1024,139,0
audio,0,572416,572416,1024,122,0
audio,0,573440,573440,1024,162,0
audio,0,574464,574464,1024,147,0
audio,0,575488,575488,1024,146,0
audio,0,576512,576512,1024,141,0
audio,0,577536,577536,1024,129,0
audio,0,578560,578560,1024,132,0
audio,0,579584,579584,1024,123,0
audio,0,580608,580608,1024,129,0
audio,0,581632,581632,1024,137,0
audio,0,582656,582656,1024,124,0
audio,0,583680,583680,1024,122,0
audio,0,584704,584704,1024,121,0
audio,0,585728,585728,1024,121,0
audio,0,586752,586752,1024,117,0
audio,0,587776,587776,1024,122,0
audio,0,588800,588800,1024,127,0
audio,0,589824,589824,1024,126,0
audio,0,590848,590848,1024,122,0
audio,0,591872,591872,1024,124,0
audio,0,592896,592896,1024,125,0
audio,0,593920,593920,1024,126,0
audio,0,594944,594944,1024,127,0
audio,0,595968,595968,1024,131,0
audio,0,596992,596992,1024,121,0
audio,0,598016,598016,1024,120,0
audio,0,599040,599040,1024,121,0
audio,0,600064,600064,1024,121,0
audio,0,601088,601088,1024,139,0
audio,0,602112,602112,1024,136,0
audio,0,603136,603136,1024,127,0
audio,0,604160,604160,1024,131,0
audio,0,605184,605184,1024,126,0
audio,0,606208,606208,1024,123,0
audio,0,607232,607232,1024,121,0
audio,0,608256,608256,1024,133,0
audio,0,609280,609280,1024,130,0
audio,0,610304,610304,1024,124,0
audio,0,611328,611328,1024,128,0
audio,0,612352,612352,1024,128,0
audio,0,613376,613376,1024,118,0
audio,0,614400,614400,1024,130,0
audio,0,615424,615424,1024,133,0
audio,0,616448,616448,1024,149,0
audio,0,617472,617472,1024,128,0
audio,0,618496,618496,1024,122,0
audio,0,619520,619520,1024,125,0
audio,0,620544,620544,1024,133,0
audio,0,621568,621568,1024,133,0
audio,0,622592,622592,1024,135,0
audio,0,623616,623616,1024,119,0
audio,0,624640,624640,1024,133,0
audio,0,625664,625664,1024,125,0
audio,0,626688,626688,1024,125,0
audio,0,627712,627712,1024,131,0
audio,0,628736,628736,1024,127,0
audio,0,629760,629760,1024,123,0
audio,0,630784,630784,1024,129,0
audio,0,631808,631808,1024,129,0
audio,0,632832,632832,1024,125,0
audio,0,633856,633856,1024,130,0
audio,0,634880,634880,1024,135,0
audio,0,635904,635904,1024,121,0
audio,0,636928,636928,1024,127,0
audio,0,637952,637952,1024,128,0
audio,0,638976,638976,1024,127,0
audio,0,640000,640000,1024,140,0
audio,0,641024,641024,1024,126,0
audio,0,642048,642048,1024,119,0
audio,0,643072,643072,1024,129,0
audio,0,644096,644096,1024,124,0
audio,0,645120,645120,1024,129,0
audio,0,646144,646144,1024,130,0
audio,0,647168,647168,1024,128,0
audio,0,648192,648192,1024,131,0
audio,0,649216,649216,1024,129,0
audio,0,650240,650240,1024,135,0
audio,0,651264,651264,1024,128,0
audio,0,652288,652288,1024,126,0
audio,0,653312,653312,1024,139,0
audio,0,654336,654336,1024,121,0
audio,0,655360,655360,1024,142,0
audio,0,656384,656384,1024,135,0
audio,0,657408,657408,1024,145,0
audio,0,658432,658432,1024,140,0
audio,0,659456,659456,1024,155,0
audio,0,660480,660480,1024,139,0
audio,0,661504,661504,1024,121,0
audio,0,662528,662528,1024,138,0
audio,0,663552,663552,1024,148,0
audio,0,664576,664576,1024,143,0
audio,0,665600,665600,1024,129,0
audio,0,666624,666624,1024,135,0
audio,0,667648,667648,1024,130,0
audio,0,668672,668672,1024,127,0
audio,0,669696,669696,1024,127,0
audio,0,670720,670720,1024,124,0
audio,0,671744,671744,1024,123,0
audio,0,672768,672768,1024,128,0
audio,0,673792,673792,1024,124,0
audio,0,674816,674816,1024,123,0
audio,0,675840,675840,1024,123,0
audio,0,676864,676864,1024,124,0
audio,0,677888,677888,1024,115,0
audio,0,678912,678912,1024,117,0
audio,0,679936,679936,1024,122,0
audio,0,680960,680960,1024,121,0
audio,0,681984,681984,1024,125,0
audio,0,683008,683008,1024,121,0
audio,0,684032,684032,1024,120,0
audio,0,685056,685056,1024,122,0
audio,0,686080,686080,1024,128,0
audio,0,687104,687104,1024,123,0
audio,0,688128,688128,1024,124,0
audio,0,689152,689152,1024,122,0
audio,0,690176,690176,1024,125,0
audio,0,691200,691200,1024,127,0
audio,0,692224,692224,1024,127,0
audio,0,693248,693248,1024,118,0
audio,0,694272,694272,1024,115,0
audio,0,695296,695296,1024,115,0
audio,0,696320,696320,1024,115,0
audio,0,697344,697344,1024,112,0
audio,0,698368,698368,1024,114,0
audio,0,699392,699392,1024,138,0
audio,0,700416,700416,1024,339,1
audio,0,701440,701440,1024,121,0
audio,0,702464,702464,1024,117,0
audio,0,703488,703488,1024,120,0
audio,0,704512,704512,1024,120,0
audio,0,705536,705536,1024,126,0
audio,0,706560,706560,1024,120,0
audio,0,707584,707584,1024,119,0
audio,0,708608,708608,1024,119,0
audio,0,709632,709632,1024,120,0
audio,0,710656,710656,1024,120,0
audio,0,711680,711680,1024,119,0
audio,0,712704,712704,1024,117,0
audio,0,713728,713728,1024,113,0
audio,0,714752,714752,1024,122,0
audio,0,715776,715776,1024,122,0
audio,0,716800,716800,1024,119,0
audio,0,717824,717824,1024,128,0
audio,0,718848,718848,1024,118,0
audio,0,719872,719872,1024,123,0
audio,0,720896,720896,1024,123,0
audio,0,721920,721920,1024,121,0
audio,0,722944,722944,1024,124,0
audio,0,723968,723968,1024,120,0
audio,0,724992,724992,1024,128,0
audio,0,726016,726016,1024,120,0
audio,0,727040,727040,1024,118,0
audio,0,728064,728064,1024,124,0
audio,0,729088,729088,1024,115,0
audio,0,730112,730112,1024,121,0
audio,0,731136,731136,1024,124,0
audio,0,732160,732160,1024,121,0
audio,0,733184,733184,1024,124,0
audio,0,734208,734208,1024,129,0
audio,0,735232,735232,1024,125,0
audio,0,736256,736256,1024,121,0
audio,0,737280,737280,1024,133,0
audio,0,738304,738304,1024,126,0
audio,0,739328,739328,1024,139,0
audio,0,740352,740352,1024,129,0
audio,0,741376,741376,1024,125,0
audio,0,742400,742400,1024,129,0
audio,0,743424,743424,1024,130,0
audio,0,744448,744448,1024,130,0
audio,0,745472,745472,1024,123,0
audio,0,746496,746496,1024,127,0
audio,0,747520,747520,1024,127,0
audio,0,748544,748544,1024,133,0
audio,0,749568,749568,1024,132,0
audio,0,750592,750592,1024,138,0
audio,0,751616,751616,1024,128,0
audio,0,752640,752640,1024,123,0
audio,0,753664,753664,1024,119,0
audio,0,754688,754688,1024,138,0
audio,0,755712,755712,1024,126,0
audio,0,756736,756736,1024,127,0
audio,0,757760,757760,1024,127,0
audio,0,758784,758784,1024,123,0
audio,0,759808,759808,1024,123,0
audio,0,760832,760832,1024,125,0
audio,0,761856,761856,1024,134,0
audio,0,762880,762880,1024,123,0
audio,0,763904,763904,1024,131,0
audio,0,764928,764928,1024,149,0
audio,0,765952,765952,1024,133,0
audio,0,766976,766976,1024,123,0
audio,0,768000,768000,1024,129,0
audio,0,769024,769024,1024,131,0
audio,0,770048,770048,1024,123,0
audio,0,771072,771072,1024,130,0
audio,0,772096,772096,1024,124,0
audio,0,773120,773120,1024,121,0
audio,0,774144,774144,1024,126,0
audio,0,775168,775168,1024,119,0
audio,0,776192,776192,1024,139,0
audio,0,777216,777216,1024,127,0
audio,0,778240,778240,1024,125,0
audio,0,779264,779264,1024,122,0
audio,0,780288,780288,1024,130,0
audio,0,781312,781312,1024,124,0
audio,0,782336,782336,1024,129,0
audio,0,783360,783360,1024,124,0
audio,0,784384,784384,1024,127,0
audio,0,785408,785408,1024,137,0
audio,0,786432,786432,1024,129,0
audio,0,787456,787456,1024,125,0
audio,0,788480,788480,1024,130,0
audio,0,789504,789504,1024,131,0
audio,0,790528,790528,1024,123,0
audio,0,791552,791552,1024,125,0
audio,0,792576,792576,1024,123,0
audio,0,793600,793600,1024,134,0
audio,0,794624,794624,1024,129,0
audio,0,795648,795648,1024,124,0
audio,0,796672,796672,1024,122,0
audio,0,797696,797696,1024,142,0
audio,0,798720,798720,1024,125,0
audio,0,799744,799744,1024,120,0
audio,0,800768,800768,1024,122,0
audio,0,801792,801792,1024,121,0
audio,0,802816,802816,1024,131,0
audio,0,803840,803840,1024,125,0
audio,0,804864,804864,1024,129,0
audio,0,805888,805888,1024,126,0
audio,0,806912,806912,1024,125,0
audio,0,807936,807936,1024,131,0
audio,0,808960,808960,1024,127,0
audio,0,809984,809984,1024,128,0
audio,0,811008,811008,1024,131,0
audio,0,812032,812032,1024,130,0
audio,0,813056,813056,1024,135,0
audio,0,814080,814080,1024,131,0
audio,0,815104,815104,1024,122,0
audio,0,816128,816128,1024,121,0
audio,0,817152,817152,1024,119,0
audio,0,818176,818176,1024,126,0
audio,0,819200,819200,1024,133,0
audio,0,820224,820224,1024,133,0
audio,0,821248,821248,1024,117,0
audio,0,822272,822272,1024,132,0
audio,0,823296,823296,1024,128,0
audio,0,824320,824320,1024,129,0
audio,0,825344,825344,1024,127,0
audio,0,826368,826368,1024,119,0
audio,0,827392,827392,1024,135,0
audio,0,828416,828416,1024,129,0
audio,0,829440,829440,1024,124,0
audio,0,830464,830464,1024,137,0
audio,0,831488,831488,1024,130,0
audio,0,832512,832512,1024,130,0
audio,0,833536,833536,1024,135,0
audio,0,834560,834560,1024,139,0
audio,0,835584,835584,1024,129,0
audio,0,836608,836608,1024,134,0
audio,0,837632,837632,1024,128,0
audio,0,838656,838656,1024,123,0
audio,0,839680,839680,1024,150,0
audio,0,840704,840704,1024,139,0
audio,0,841728,841728,1024,135,0
audio,0,842752,842752,1024,136,0
audio,0,843776,843776,1024,122,0
audio,0,844800,844800,1024,142,0
audio,0,845824,845824,1024,135,0
audio,0,846848,846848,1024,134,0
audio,0,847872,847872,1024,135,0
audio,0,848896,848896,1024,123,0
audio,0,849920,849920,1024,135,0
audio,0,850944,850944,1024,128,0
audio,0,851968,851968,1024,127,0
audio,0,852992,852992,1024,121,0
audio,0,854016,854016,1024,122,0
audio,0,855040,855040,1024,120,0
audio,0,856064,856064,1024,125,0
audio,0,857088,857088,1024,135,0
audio,0,858112,858112,1024,141,0
audio,0,859136,859136,1024,125,0
audio,0,860160,860160,1024,136,0
audio,0,861184,861184,1024,142,0
audio,0,862208,862208,1024,130,0
audio,0,863232,863232,1024,125,0
audio,0,864256,864256,1024,123,0
audio,0,865280,865280,1024,122,0
audio,0,866304,866304,1024,129,0
audio,0,867328,867328,1024,127,0
audio,0,868352,868352,1024,120,0
audio,0,869376,869376,1024,127,0
audio,0,870400,870400,1024,127,0
audio,0,871424,871424,1024,133,0
audio,0,872448,872448,1024,123,0
audio,0,873472,873472,1024,127,0
audio,0,874496,874496,1024,124,0
audio,0,875520,875520,1024,127,0
audio,0,876544,876544,1024,126,0
audio,0,877568,877568,1024,116,0
audio,0,878592,878592,1024,123,0
audio,0,879616,879616,1024,124,0
audio,0,880640,880640,1024,127,0
audio,0,881664,881664,1024,140,0
audio,0,882688,882688,1024,131,0
audio,0,883712,883712,1024,120,0
audio,0,884736,884736,1024,120,0
audio,0,885760,885760,1024,127,0
audio,0,886784,886784,1024,124,0
audio,0,887808,887808,1024,123,0
audio,0,888832,888832,1024,129,0
audio,0,889856,889856,1024,134,0
audio,0,890880,890880,1024,121,0
audio,0,891904,891904,1024,127,0
audio,0,892928,892928,1024,128,0
audio,0,893952,893952,1024,132,0
audio,0,894976,894976,1024,128,0
audio,0,896000,896000,1024,121,0
audio,0,897024,897024,1024,124,0
audio,0,898048,898048,1024,135,0
audio,0,899072,899072,1024,124,0
audio,0,900096,900096,1024,121,0
audio,0,901120,901120,1024,120,0
audio,0,902144,902144,1024,127,0
audio,0,903168,903168,1024,134,0
audio,0,904192,904192,1024,125,0
audio,0,905216,905216,1024,135,0
audio,0,906240,906240,1024,128,0
audio,0,907264,907264,1024,127,0
audio,0,908288,908288,1024,130,0
audio,0,909312,909312,1024,137,0
audio,0,910336,910336,1024,130,0
audio,0,911360,911360,1024,125,0
audio,0,912384,912384,1024,138,0
audio,0,913408,913408,1024,122,0
audio,0,914432,914432,1024,127,0
audio,0,915456,915456,1024,119,0
audio,0,916480,916480,1024,122,0
audio,0,917504,917504,1024,123,0
audio,0,918528,918528,1024,135,0
audio,0,919552,919552,1024,131,0
audio,0,920576,920576,1024,135,0
audio,0,921600,921600,1024,143,0
audio,0,922624,922624,1024,149,0
audio,0,923648,923648,1024,134,0
audio,0,924672,924672,1024,132,0
audio,0,925696,925696,1024,131,0
audio,0,926720,926720,1024,121,0
audio,0,927744,927744,1024,126,0
audio,0,928768,928768,1024,125,0
audio,0,929792,929792,1024,115,0
audio,0,930816,930816,1024,122,0
audio,0,931840,931840,1024,115,0
audio,0,932864,932864,1024,138,0
audio,0,933888,933888,1024,351,1
audio,0,934912,934912,1024,114,0
audio,0,935936,935936,1024,112,0
audio,0,936960,936960,1024,121,0
audio,0,937984,937984,1024,114,0
audio,0,939008,939008,1024,129,0
audio,0,940032,940032,1024,119,0
audio,0,941056,941056,1024,124,0
audio,0,942080,942080,1024,108,0
audio,0,943104,943104,1024,113,0
audio,0,944128,944128,1024,115,0
audio,0,945152,945152,1024,110,0
audio,0,946176,946176,1024,101,0
audio,0,947200,947200,1024,112,0
audio,0,948224,948224,1024,112,0
audio,0,949248,949248,1024,114,0
audio,0,950272,950272,1024,114,0
audio,0,951296,951296,1024,120,0
audio,0,952320,952320,1024,123,0
audio,0,953344,953344,1024,113,0
audio,0,954368,954368,1024,116,0
audio,0,955392,955392,1024,123,0
audio,0,956416,956416,1024,136,0
audio,0,957440,957440,1024,123,0
audio,0,958464,958464,1024,136,0
audio,0,959488,959488,1024,138,0
audio,0,960512,960512,1024,128,0
audio,0,961536,961536,1024,120,0
audio,0,962560,962560,1024,123,0
audio,0,963584,963584,1024,135,0
audio,0,964608,964608,1024,118,0
audio,0,965632,965632,1024,124,0
audio,0,966656,966656,1024,122,0
audio,0,967680,967680,1024,123,0
audio,0,968704,968704,1024,128,0
audio,0,969728,969728,1024,136,0
audio,0,970752,970752,1024,135,0
audio,0,971776,971776,1024,128,0
audio,0,972800,972800,1024,129,0
audio,0,973824,973824,1024,134,0
audio,0,974848,974848,1024,124,0
audio,0,975872,975872,1024,121,0
audio,0,976896,976896,1024,119,0
audio,0,977920,977920,1024,137,0
audio,0,978944,978944,1024,122,0
audio,0,979968,979968,1024,136,0
audio,0,980992,980992,1024,129,0
audio,0,982016,982016,1024,130,0
audio,0,983040,983040,1024,119,0
audio,0,984064,984064,1024,119,0
audio,0,985088,985088,1024,124,0
audio,0,986112,986112,1024,138,0
audio,0,987136,987136,1024,140,0
audio,0,988160,988160,1024,128,0
audio,0,989184,989184,1024,115,0
audio,0,990208,990208,1024,115,0
audio,0,991232,991232,1024,121,0
audio,0,992256,992256,1024,132,0
audio,0,993280,993280,1024,136,0
audio,0,994304,994304,1024,136,0
audio,0,995328,995328,1024,120,0
audio,0,996352,996352,1024,134,0
audio,0,997376,997376,1024,130,0
audio,0,998400,998400,1024,127,0
audio,0,999424,999424,1024,130,0
audio,0,1000448,1000448,1024,135,0
audio,0,1001472,1001472,1024,133,0
audio,0,1002496,1002496,1024,129,0
audio,0,1003520,1003520,1024,126,0
audio,0,1004544,1004544,1024,133,0
audio,0,1005568,1005568,1024,131,0
audio,0,1006592,1006592,1024,126,0
audio,0,1007616,1007616,1024,128,0
audio,0,1008640,1008640,1024,124,0
audio,0,1009664,1009664,1024,123,0
audio,0,1010688,1010688,1024,135,0
audio,0,1011712,1011712,1024,126,0
audio,0,1012736,1012736,1024,117,0
audio,0,1013760,1013760,1024,134,0
audio,0,1014784,1014784,1024,128,0
audio,0,1015808,1015808,1024,122,0
audio,0,1016832,1016832,1024,127,0
audio,0,1017856,1017856,1024,123,0
audio,0,1018880,1018880,1024,119,0
audio,0,1019904,1019904,1024,126,0
audio,0,1020928,1020928,1024,135,0
audio,0,1021952,1021952,1024,131,0
audio,0,1022976,1022976,1024,116,0
audio,0,1024000,1024000,1024,122,0
audio,0,1025024,1025024,1024,134,0
audio,0,1026048,1026048,1024,133,0
audio,0,1027072,1027072,1024,124,0
audio,0,1028096,1028096,1024,125,0
audio,0,1029120,1029120,1024,128,0
audio,0,1030144,1030144,1024,127,0
audio,0,1031168,1031168,1024,144,0
audio,0,1032192,1032192,1024,135,0
audio,0,1033216,1033216,1024,125,0
audio,0,1034240,1034240,1024,133,0
audio,0,1035264,1035264,1024,141,0
audio,0,1036288,1036288,1024,131,0
audio,0,1037312,1037312,1024,121,0
audio,0,1038336,1038336,1024,125,0
audio,0,1039360,1039360,1024,119,0
audio,0,1040384,1040384,1024,128,0
audio,0,1041408,1041408,1024,123,0
audio,0,1042432,1042432,1024,129,0
audio,0,1043456,1043456,1024,127,0
audio,0,1044480,1044480,1024,124,0
audio,0,1045504,1045504,1024,131,0
audio,0,1046528,1046528,1024,126,0
audio,0,1047552,1047552,1024,154,0
audio,0,1048576,1048576,1024,128,0
audio,0,1049600,1049600,1024,130,0
audio,0,1050624,1050624,1024,118,0
audio,0,1051648,1051648,1024,127,0
audio,0,1052672,1052672,1024,124,0
audio,0,1053696,1053696,1024,150,0
audio,0,1054720,1054720,1024,128,0
audio,0,1055744,1055744,1024,118,0
audio,0,1056768,1056768,1024,118,0
audio,0,1057792,1057792,1024,126,0
audio,0,1058816,1058816,1024,125,0
audio,0,1059840,1059840,1024,134,0
audio,0,1060864,1060864,1024,126,0
audio,0,1061888,1061888,1024,167,0
audio,0,1062912,1062912,1024,131,0
audio,0,1063936,1063936,1024,112,0
audio,0,1064960,1064960,1024,125,0
audio,0,1065984,1065984,1024,123,0
audio,0,1067008,1067008,1024,126,0
audio,0,1068032,1068032,1024,134,0
audio,0,1069056,1069056,1024,122,0
audio,0,1070080,1070080,1024,124,0
audio,0,1071104,1071104,1024,129,0
audio,0,1072128,1072128,1024,121,0
audio,0,1073152,1073152,1024,128,0
audio,0,1074176,1074176,1024,128,0
audio,0,1075200,1075200,1024,138,0
audio,0,1076224,1076224,1024,138,0
audio,0,1077248,1077248,1024,135,0
audio,0,1078272,1078272,1024,157,0
audio,0,1079296,1079296,1024,173,0
audio,0,1080320,1080320,1024,140,0
audio,0,1081344,1081344,1024,125,0
audio,0,1082368,1082368,1024,139,0
audio,0,1083392,1083392,1024,118,0
audio,0,1084416,1084416,1024,118,0
audio,0,1085440,1085440,1024,164,0
audio,0,1086464,1086464,1024,124,0
audio,0,1087488,1087488,1024,117,0
audio,0,1088512,1088512,1024,117,0
audio,0,1089536,1089536,1024,150,0
audio,0,1090560,1090560,1024,157,0
audio,0,1091584,1091584,1024,141,0
audio,0,1092608,1092608,1024,144,0
audio,0,1093632,1093632,1024,155,0
audio,0,1094656,1094656,1024,137,0
audio,0,1095680,1095680,1024,127,0
audio,0,1096704,1096704,1024,131,0
audio,0,1097728,1097728,1024,130,0
audio,0,1098752,1098752,1024,130,0
audio,0,1099776,1099776,1024,134,0
audio,0,1100800,1100800,1024,131,0
audio,0,1101824,1101824,1024,122,0
audio,0,1102848,1102848,1024,142,0
audio,0,1103872,1103872,1024,125,0
audio,0,1104896,1104896,1024,129,0
audio,0,1105920,1105920,1024,117,0
audio,0,1106944,1106944,1024,119,0
audio,0,1107968,1107968,1024,125,0
audio,0,1108992,1108992,1024,119,0
audio,0,1110016,1110016,1024,116,0
audio,0,1111040,1111040,1024,113,0
audio,0,1112064,1112064,1024,115,0
audio,0,1113088,1113088,1024,111,0
audio,0,1114112,1114112,1024,118,0
audio,0,1115136,1115136,1024,117,0
audio,0,1116160,1116160,1024,126,0
audio,0,1117184,1117184,1024,120,0
audio,0,1118208,1118208,1024,112,0
audio,0,1119232,1119232,1024,123,0
audio,0,1120256,1120256,1024,127,0
audio,0,1121280,1121280,1024,122,0
audio,0,1122304,1122304,1024,122,0
audio,0,1123328,1123328,1024,132,0
audio,0,1124352,1124352,1024,127,0
audio,0,1125376,1125376,1024,135,0
audio,0,1126400,1126400,1024,131,0
audio,0,1127424,1127424,1024,132,0
audio,0,1128448,1128448,1024,134,0
audio,0,1129472,1129472,1024,137,0
audio,0,1130496,1130496,1024,126,0
audio,0,1131520,1131520,1024,123,0
audio,0,1132544,1132544,1024,121,0
audio,0,1133568,1133568,1024,126,0
audio,0,1134592,1134592,1024,123,0
audio,0,1135616,1135616,1024,131,0
audio,0,1136640,1136640,1024,120,0
audio,0,1137664,1137664,1024,127,0
audio,0,1138688,1138688,1024,120,0
audio,0,1139712,1139712,1024,118,0
audio,0,1140736,1140736,1024,129,0
audio,0,1141760,1141760,1024,116,0
audio,0,1142784,1142784,1024,121,0
audio,0,1143808,1143808,1024,116,0
audio,0,1144832,1144832,1024,136,0
audio,0,1145856,1145856,1024,130,0
audio,0,1146880,1146880,1024,125,0
audio,0,1147904,1147904,1024,130,0
audio,0,1148928,1148928,1024,122,0
audio,0,1149952,1149952,1024,129,0
audio,0,1150976,1150976,1024,126,0
audio,0,1152000,1152000,1024,129,0
audio,0,1153024,1153024,1024,139,0
audio,0,1154048,1154048,1024,134,0
audio,0,1155072,1155072,1024,155,0
audio,0,1156096,1156096,1024,141,0
audio,0,1157120,1157120,1024,138,0
audio,0,1158144,1158144,1024,133,0
audio,0,1159168,1159168,1024,127,0
audio,0,1160192,1160192,1024,126,0
audio,0,1161216,1161216,1024,112,0
audio,0,1162240,1162240,1024,123,0
audio,0,1163264,1163264,1024,116,0
audio,0,1164288,1164288,1024,111,0
audio,0,1165312,1165312,1024,115,0
audio,0,1166336,1166336,1024,135,0
audio,0,1167360,1167360,1024,336,1
audio,0,1168384,1168384,1024,120,0
audio,0,1169408,1169408,1024,112,0
audio,0,1170432,1170432,1024,111,0
audio,0,1171456,1171456,1024,118,0
audio,0,1172480,1172480,1024,113,0
audio,0,1173504,1173504,1024,111,0
audio,0,1174528,1174528,1024,126,0
audio,0,1175552,1175552,1024,115,0
audio,0,1176576,1176576,1024,118,0
audio,0,1177600,1177600,1024,124,0
audio,0,1178624,1178624,1024,118,0
audio,0,1179648,1179648,1024,128,0
audio,0,1180672,1180672,1024,125,0
audio,0,1181696,1181696,1024,129,0
audio,0,1182720,1182720,1024,128,0
audio,0,1183744,1183744,1024,114,0
audio,0,1184768,1184768,1024,128,0
audio,0,1185792,1185792,1024,109,0
audio,0,1186816,1186816,1024,125,0
audio,0,1187840,1187840,1024,117,0
audio,0,1188864,1188864,1024,123,0
audio,0,1189888,1189888,1024,129,0
audio,0,1190912,1190912,1024,130,0
audio,0,1191936,1191936,1024,132,0
audio,0,1192960,1192960,1024,120,0
audio,0,1193984,1193984,1024,132,0
audio,0,1195008,1195008,1024,130,0
audio,0,1196032,1196032,1024,122,0
audio,0,1197056,1197056,1024,111,0
audio,0,1198080,1198080,1024,118,0
audio,0,1199104,1199104,1024,131,0
audio,0,1200128,1200128,1024,129,0
audio,0,1201152,1201152,1024,125,0
audio,0,1202176,1202176,1024,127,0
audio,0,1203200,1203200,1024,126,0
audio,0,1204224,1204224,1024,126,0
audio,0,1205248,1205248,1024,134,0
audio,0,1206272,1206272,1024,125,0
audio,0,1207296,1207296,1024,117,0
audio,0,1208320,1208320,1024,122,0
audio,0,1209344,1209344,1024,116,0
audio,0,1210368,1210368,1024,130,0
audio,0,1211392,1211392,1024,125,0
audio,0,1212416,1212416,1024,132,0
audio,0,1213440,1213440,1024,125,0
audio,0,1214464,1214464,1024,125,0
audio,0,1215488,1215488,1024,120,0
audio,0,1216512,1216512,1024,121,0
audio,0,1217536,1217536,1024,129,0
audio,0,1218560,1218560,1024,135,0
audio,0,1219584,1219584,1024,121,0
audio,0,1220608,1220608,1024,131,0
audio,0,1221632,1221632,1024,132,0
audio,0,1222656,1222656,1024,123,0
audio,0,1223680,1223680,1024,123,0
audio,0,1224704,1224704,1024,130,0
audio,0,1225728,1225728,1024,134,0
audio,0,1226752,1226752,1024,119,0
audio,0,1227776,1227776,1024,126,0
audio,0,1228800,1228800,1024,139,0
audio,0,1229824,1229824,1024,117,0
audio,0,1230848,1230848,1024,109,0
audio,0,1231872,1231872,1024,114,0
audio,0,1232896,1232896,1024,125,0
audio,0,1233920,1233920,1024,125,0
audio,0,1234944,1234944,1024,121,0
audio,0,1235968,1235968,1024,128,0
audio,0,1236992,1236992,1024,124,0
audio,0,1238016,1238016,1024,129,0
audio,0,1239040,1239040,1024,126,0
audio,0,1240064,1240064,1024,126,0
audio,0,1241088,1241088,1024,126,0
audio,0,1242112,1242112,1024,128,0
audio,0,1243136,1243136,1024,132,0
audio,0,1244160,1244160,1024,124,0
audio,0,1245184,1245184,1024,121,0
audio,0,1246208,1246208,1024,132,0
audio,0,1247232,1247232,1024,134,0
audio,0,1248256,1248256,1024,132,0
audio,0,1249280,1249280,1024,127,0
audio,0,1250304,1250304,1024,137,0
audio,0,1251328,1251328,1024,138,0
audio,0,1252352,1252352,1024,130,0
audio,0,1253376,1253376,1024,125,0
audio,0,1254400,1254400,1024,121,0
audio,0,1255424,1255424,1024,124,0
audio,0,1256448,1256448,1024,135,0
audio,0,1257472,1257472,1024,125,0
audio,0,1258496,1258496,1024,127,0
audio,0,1259520,1259520,1024,129,0
audio,0,1260544,1260544,1024,127,0
audio,0,1261568,1261568,1024,124,0
audio,0,1262592,1262592,1024,136,0
audio,0,1263616,1263616,1024,124,0
audio,0,1264640,1264640,1024,125,0
audio,0,1265664,1265664,1024,131,0
audio,0,1266688,1266688,1024,135,0
audio,0,1267712,1267712,1024,121,0
audio,0,1268736,1268736,1024,128,0
audio,0,1269760,1269760,1024,133,0
audio,0,1270784,1270784,1024,136,0
audio,0,1271808,1271808,1024,123,0
audio,0,1272832,1272832,1024,118,0
audio,0,1273856,1273856,1024,127,0
audio,0,1274880,1274880,1024,123,0
audio,0,1275904,1275904,1024,127,0
audio,0,1276928,1276928,1024,135,0
audio,0,1277952,1277952,1024,129,0
audio,0,1278976,1278976,1024,127,0
audio,0,1280000,1280000,1024,136,0
audio,0,1281024,1281024,1024,128,0
audio,0,1282048,1282048,1024,125,0
audio,0,1283072,1283072,1024,128,0
audio,0,1284096,1284096,1024,128,0
audio,0,1285120,1285120,1024,136,0
audio,0,1286144,1286144,1024,127,0
audio,0,1287168,1287168,1024,125,0
audio,0,1288192,1288192,1024,127,0
audio,0,1289216,1289216,1024,124,0
audio,0,1290240,1290240,1024,130,0
audio,0,1291264,1291264,1024,117,0
audio,0,1292288,1292288,1024,137,0
audio,0,1293312,1293312,1024,131,0
audio,0,1294336,1294336,1024,124,0
audio,0,1295360,1295360,1024,129,0
audio,0,1296384,1296384,1024,130,0
audio,0,1297408,1297408,1024,121,0
audio,0,1298432,1298432,1024,128,0
audio,0,1299456,1299456,1024,137,0
audio,0,1300480,1300480,1024,120,0
audio,0,1301504,1301504,1024,115,0
audio,0,1302528,1302528,1024,126,0
audio,0,1303552,1303552,1024,128,0
audio,0,1304576,1304576,1024,128,0
audio,0,1305600,1305600,1024,118,0
audio,0,1306624,1306624,1024,132,0
audio,0,1307648,1307648,1024,132,0
audio,0,1308672,1308672,1024,143,0
audio,0,1309696,1309696,1024,137,0
audio,0,1310720,1310720,1024,130,0
audio,0,1311744,1311744,1024,125,0
audio,0,1312768,1312768,1024,124,0
audio,0,1313792,1313792,1024,140,0
audio,0,1314816,1314816,1024,131,0
audio,0,1315840,1315840,1024,126,0
audio,0,1316864,1316864,1024,121,0
audio,0,1317888,1317888,1024,137,0
audio,0,1318912,1318912,1024,121,0
audio,0,1319936,1319936,1024,115,0
audio,0,1320960,1320960,1024,132,0
audio,0,1321984,1321984,1024,120,0
audio,0,1323008,1323008,1024,125,0
audio,0,1324032,1324032,1024,146,0
audio,0,1325056,1325056,1024,136,0
audio,0,1326080,1326080,1024,145,0
audio,0,1327104,1327104,1024,127,0
audio,0,1328128,1328128,1024,126,0
audio,0,1329152,1329152,1024,135,0
audio,0,1330176,1330176,1024,126,0
audio,0,1331200,1331200,1024,129,0
audio,0,1332224,1332224,1024,122,0
audio,0,1333248,1333248,1024,134,0
audio,0,1334272,1334272,1024,136,0
audio,0,1335296,1335296,1024,134,0
audio,0,1336320,1336320,1024,124,0
audio,0,1337344,1337344,1024,127,0
audio,0,1338368,1338368,1024,129,0
audio,0,1339392,1339392,1024,126,0
audio,0,1340416,1340416,1024,126,0
audio,0,1341440,1341440,1024,123,0
audio,0,1342464,1342464,1024,136,0
audio,0,1343488,1343488,1024,124,0
audio,0,1344512,1344512,1024,128,0
audio,0,1345536,1345536,1024,122,0
audio,0,1346560,1346560,1024,123,0
audio,0,1347584,1347584,1024,128,0
audio,0,1348608,1348608,1024,134,0
audio,0,1349632,1349632,1024,131,0
audio,0,1350656,1350656,1024,121,0
audio,0,1351680,1351680,1024,134,0
audio,0,1352704,1352704,1024,123,0
audio,0,1353728,1353728,1024,128,0
audio,0,1354752,1354752,1024,132,0
audio,0,1355776,1355776,1024,126,0
audio,0,1356800,1356800,1024,132,0
audio,0,1357824,1357824,1024,136,0
audio,0,1358848,1358848,1024,125,0
audio,0,1359872,1359872,1024,135,0
audio,0,1360896,1360896,1024,128,0
audio,0,1361920,1361920,1024,127,0
audio,0,1362944,1362944,1024,128,0
audio,0,1363968,1363968,1024,135,0
audio,0,1364992,1364992,1024,128,0
audio,0,1366016,1366016,1024,129,0
audio,0,1367040,1367040,1024,121,0
audio,0,1368064,1368064,1024,120,0
audio,0,1369088,1369088,1024,125,0
audio,0,1370112,1370112,1024,119,0
audio,0,1371136,1371136,1024,122,0
audio,0,1372160,1372160,1024,129,0
audio,0,1373184,1373184,1024,141,0
audio,0,1374208,1374208,1024,137,0
audio,0,1375232,1375232,1024,128,0
audio,0,1376256,1376256,1024,131,0
audio,0,1377280,1377280,1024,134,0
audio,0,1378304,1378304,1024,132,0
audio,0,1379328,1379328,1024,125,0
audio,0,1380352,1380352,1024,131,0
audio,0,1381376,1381376,1024,124,0
audio,0,1382400,1382400,1024,132,0
audio,0,1383424,1383424,1024,128,0
audio,0,1384448,1384448,1024,132,0
audio,0,1385472,1385472,1024,117,0
audio,0,1386496,1386496,1024,124,0
audio,0,1387520,1387520,1024,126,0
audio,0,1388544,1388544,1024,130,0
audio,0,1389568,1389568,1024,114,0
audio,0,1390592,1390592,1024,137,0
audio,0,1391616,1391616,1024,128,0
audio,0,1392640,1392640,1024,131,0
audio,0,1393664,1393664,1024,121,0
audio,0,1394688,1394688,1024,129,0
audio,0,1395712,1395712,1024,124,0
audio,0,1396736,1396736,1024,127,0
audio,0,1397760,1397760,1024,113,0
audio,0,1398784,1398784,1024,119,0
audio,0,1399808,1399808,1024,147,0
